{
  "project_info": {
    "project_number": "606261673273",
    "project_id": "financeiro-170af",
    "storage_bucket": "financeiro-170af.appspot.com"
  },
  "client": [
    {
      "client_info": {
        "mobilesdk_app_id": "1:606261673273:android:a9af8f6f7c59d0aea03ce8",
        "android_client_info": {
          "package_name": "br.senac.appfinanceiro"
        }
      },
      "oauth_client": [
        {
          "client_id": "606261673273-jntrn5l1nh9mb4qbtl2l8q6putddbteb.apps.googleusercontent.com",
          "client_type": 3
        }
      ],
      "api_key": [
        {
          "current_key": "AIzaSyBZddGoTo4HZDLhuYztjIeoAEj7NghfJ6g"
        }
      ],
      "services": {
        "appinvite_service": {
          "other_platform_oauth_client": [
            {
              "client_id": "606261673273-jntrn5l1nh9mb4qbtl2l8q6putddbteb.apps.googleusercontent.com",
              "client_type": 3
            }
          ]
        }
      }
    }
  ],
  "configuration_version": "1"
}