[
    {
        "id": 1,
        "nome": "Ração 1",
        "preco": 100,
        "imagem": "./res/pedigree.jpg"
    },
    {
        "id": 2,
        "nome": "Ração 2",
        "preco": 300,
        "imagem": "./res/pedigree.jpg"
    },
    {
        "id": 3,
        "nome": "Ração 3",
        "preco": 300,
        "imagem": "./res/pedigree.jpg"
    },
    {
        "id": 4,
        "nome": "Ração 4",
        "preco": 400,
        "imagem": "./res/pedigree.jpg"
    }
]
