{
  "produtos": [
    {
      "id": 1,
      "imagem": "./res/p01.png",
      "check": true
    },
    {
      "id": 2,
      "imagem": "./res/p02.png",
      "check": false
    },
    {
      "id": 3,
      "imagem": "./res/p03.png",
      "check": false
    },
    {
      "id": 4,
      "imagem": "./res/p04.png",
      "check": true
    },
    {
      "id": 5,
      "imagem": "./res/p05.png",
      "check": false
    },
    {
      "id": 6,
      "imagem": "./res/p06.png",
      "check": false
    },
    {
      "id": 7,
      "imagem": "./res/p07.png",
      "check": false
    },
    {
      "id": 8,
      "imagem": "./res/p08.png",
      "check": false
    },
    {
      "id": 9,
      "imagem": "./res/p09.png",
      "check": false
    },
    {
      "id": 10,
      "imagem": "./res/p10.png",
      "check": true
    },
    {
      "id": 11,
      "imagem": "./res/p11.png",
      "check": false
    },
    {
      "id": 12,
      "imagem": "./res/p12.png",
      "check": true
    },
    {
      "id": 13,
      "imagem": "./res/p13.png",
      "check": false
    },
    {
      "id": 14,
      "imagem": "./res/p14.png",
      "check": false
    },
    {
      "id": 15,
      "imagem": "./res/p15.png",
      "check": false
    },
    {
      "id": 16,
      "imagem": "./res/p16.png",
      "check": true
    },
    {
      "id": 17,
      "imagem": "./res/p17.png",
      "check": false
    },
    {
      "id": 18,
      "imagem": "./res/p18.png",
      "check": false
    }
  ]
}