{
  "project_info": {
    "project_number": "1047795988809",
    "project_id": "crud-produtos-433a2",
    "storage_bucket": "crud-produtos-433a2.appspot.com"
  },
  "client": [
    {
      "client_info": {
        "mobilesdk_app_id": "1:1047795988809:android:a796a570ca057fd3b34298",
        "android_client_info": {
          "package_name": "br.senac.crud_firebase"
        }
      },
      "oauth_client": [
        {
          "client_id": "1047795988809-ap6qke7jaf5v5eou2ff9ll4shke3e180.apps.googleusercontent.com",
          "client_type": 3
        }
      ],
      "api_key": [
        {
          "current_key": "AIzaSyDEIafrR_GNXzvUah09d7lrz82uHgbFhwk"
        }
      ],
      "services": {
        "appinvite_service": {
          "other_platform_oauth_client": [
            {
              "client_id": "1047795988809-ap6qke7jaf5v5eou2ff9ll4shke3e180.apps.googleusercontent.com",
              "client_type": 3
            }
          ]
        }
      }
    },
    {
      "client_info": {
        "mobilesdk_app_id": "1:1047795988809:android:b7c9cb1e807a74efb34298",
        "android_client_info": {
          "package_name": "br.senac.crudbasicofirebase"
        }
      },
      "oauth_client": [
        {
          "client_id": "1047795988809-ap6qke7jaf5v5eou2ff9ll4shke3e180.apps.googleusercontent.com",
          "client_type": 3
        }
      ],
      "api_key": [
        {
          "current_key": "AIzaSyDEIafrR_GNXzvUah09d7lrz82uHgbFhwk"
        }
      ],
      "services": {
        "appinvite_service": {
          "other_platform_oauth_client": [
            {
              "client_id": "1047795988809-ap6qke7jaf5v5eou2ff9ll4shke3e180.apps.googleusercontent.com",
              "client_type": 3
            }
          ]
        }
      }
    }
  ],
  "configuration_version": "1"
}